<?xml version="1.0" encoding="UTF-8"?>
<Configuration xmlns="http://logging.apache.org/log4j/2.0/config" packages = "log4j">
    <Properties>
        <Property name="basePath">../Server/logs</Property>
    </Properties>
    
    <!-- Define custom levels before using them for filtering below. -->
  <CustomLevels>
  	<CustomLevel name="CLIENT" intLevel="6" />
    <CustomLevel name="CONNECT" intLevel="5" />
    <CustomLevel name="CALCULATING" intLevel="4" />
    <CustomLevel name="MESSAGE" intLevel="1" />
    <CustomLevel name="GAME" intLevel="2" />
    <CustomLevel name="GAMEJOIN" intLevel="3" />
    <CustomLevel name="PLAYTILES" intLevel="8" />
    <CustomLevel name="TILESWAP" intLevel="7" />
     <CustomLevel name="UPDATE" intLevel="9" />
     <CustomLevel name="VALIDATION" intLevel="10" />
     <CustomLevel name="HANDVALIDATION" intLevel="11" />
    <CustomLevel name="SCORECALCULATION" intLevel="12" />
    <CustomLevel name="EMPTYFIELDVALIDATION" intLevel="13" />
     <CustomLevel name="NEIGHBORSHIPVALIDATION" intLevel="14" />
     <CustomLevel name="ROWCHECK" intLevel="15" />
  </CustomLevels>
    
    <Appenders>
        <!-- File Appenders -->
        <RollingFile name="FILE" fileName="${basePath}/recentlogfile.log" filePattern="logs/$${date:yyyy-MM}/logfile-%d{dd}.log" append="true">
            <PatternLayout pattern="%-8p | %d{yyyy-MM-dd HH:mm:ss} | [%t] (%F:%L) - %m%n" />
            <Policies>
            <OnStartupTriggeringPolicy/>
            <SizeBasedTriggeringPolicy size="35mb"/>
            </Policies>
        </RollingFile>
        
        <RollingFile name="ERRORFILE" fileName="${basePath}/errorlogfile.log" filePattern="logs/$${date:yyyy-MM}/errorlogfile-%d{date:dd}.log" append="true">
            <PatternLayout pattern="%-8p | %d{yyyy-MM-dd HH:mm:ss} | [%t] (%F:%L) - %m%n" />
            <Policies>
            <OnStartupTriggeringPolicy/>
            <SizeBasedTriggeringPolicy size="35mb"/>
            </Policies>
        </RollingFile>

		<!-- JavaFX Appenders -->
        <jfxAppender name="JavaFXLogger">
        	<PatternLayout pattern="%highlight{%-8p }| %d{yyyy-MM-dd HH:mm:ss} | [%t] - %m%n" />
        </jfxAppender>

        <!-- Console Appenders -->
        <Console name="STDOUT" target="SYSTEM_OUT">
            <PatternLayout pattern="%highlight{%-8p }| %d{yyyy-MM-dd HH:mm:ss} | [%t] (%F:%L) - %m%n" />
        </Console>
        
    </Appenders>
   
	<Loggers>
      
      <Logger name="com.mysetv.broadcast.BroadcastLoop" level="trace" additivity="false">
      	<AppenderRef ref="STDOUT" level="warn" />
      	<AppenderRef ref="ERRORFILE"/>
   	  </Logger>
      
      <Root level="trace">
          <AppenderRef ref="STDOUT" level="debug" />
          <AppenderRef ref="FILE" />
          <AppenderRef ref="JavaFXLogger"/>
      </Root>
        
    </Loggers>
</Configuration>
